decision,imu,hyb,delta
Fatigued vs clean flexion,0.7798691355052693,0.7775409467001908,-0.002328188805078457
Fast vs clean flexion,0.6589689002125092,0.6645989583034462,0.0056300580909369735
Shoulder-driven vs clean flexion,0.7093423959193665,0.7274159934740083,0.018073597554641774
Asymmetric vs symmetric pickup,0.6683174069974085,0.7172795443074482,0.04896213731003973
Lumbar-dominant vs clean flexion,0.7291685504307236,0.7215053154439506,-0.007663234986773015
