subset,n,imu,hyb,delta
all_windows,19342,0.7936555313634636,0.8339991108213687,0.04034357945790512
exclude_baseline,16315,0.7565232930387644,0.7876893450665631,0.031166052027798652
hard_subset,11553,0.6830030823845711,0.6990574203394151,0.01605433795484401
